run_label,config_name,checkpoint_step,checkpoint_label,env_name,task_one_hot_idx,mean_success_rate,std_success_rate,mean_return,std_return_across_seeds,mean_steps,mean_first_success_step,eval_seeds,total_episodes,goals
basketball_pickplace,config_1,50000,50000,basketball-v3,0,0.0,,17.81414449005407,,500.0,,1,50,50
basketball_pickplace,config_1,50000,50000,pick-place-v3,1,0.0,,8.61400556153276,,500.0,,1,50,50
basketball_pickplace,config_1,100000,100000,basketball-v3,0,0.0,,21.90086371966203,,500.0,,1,50,50
basketball_pickplace,config_1,100000,100000,pick-place-v3,1,0.0,,12.744790059572017,,500.0,,1,50,50
basketball_pickplace,config_1,150000,150000,basketball-v3,0,0.0,,15.623710085435452,,500.0,,1,50,50
basketball_pickplace,config_1,150000,150000,pick-place-v3,1,0.0,,18.286597429785328,,500.0,,1,50,50
basketball_pickplace,config_1,200000,200000,basketball-v3,0,0.0,,13.39560165129142,,500.0,,1,50,50
basketball_pickplace,config_1,200000,200000,pick-place-v3,1,0.0,,20.147130029902502,,500.0,,1,50,50
basketball_pickplace,config_1,250000,250000,basketball-v3,0,0.0,,15.794857076894049,,500.0,,1,50,50
basketball_pickplace,config_1,250000,250000,pick-place-v3,1,0.0,,28.90337766068288,,500.0,,1,50,50
basketball_pickplace,config_1,300000,300000,basketball-v3,0,0.0,,19.908580173486,,500.0,,1,50,50
basketball_pickplace,config_1,300000,300000,pick-place-v3,1,0.02,,28.15088095837638,,496.38,319.0,1,50,50
basketball_pickplace,config_1,350000,350000,basketball-v3,0,0.0,,26.36429453126327,,500.0,,1,50,50
basketball_pickplace,config_1,350000,350000,pick-place-v3,1,0.0,,39.72811944250006,,500.0,,1,50,50
basketball_pickplace,config_1,400000,400000,basketball-v3,0,0.0,,28.88853835649116,,500.0,,1,50,50
basketball_pickplace,config_1,400000,400000,pick-place-v3,1,0.0,,46.18023486542664,,500.0,,1,50,50
basketball_pickplace,config_1,450000,450000,basketball-v3,0,0.0,,65.84272786990023,,500.0,,1,50,50
basketball_pickplace,config_1,450000,450000,pick-place-v3,1,0.0,,96.66330292259376,,500.0,,1,50,50
basketball_pickplace,config_1,500000,500000,basketball-v3,0,0.0,,68.18803298943436,,500.0,,1,50,50
basketball_pickplace,config_1,500000,500000,pick-place-v3,1,0.0,,71.60517405215056,,500.0,,1,50,50
basketball_pickplace,config_1,550000,550000,basketball-v3,0,0.0,,80.58488378588184,,500.0,,1,50,50
basketball_pickplace,config_1,550000,550000,pick-place-v3,1,0.0,,127.41529119977072,,500.0,,1,50,50
basketball_pickplace,config_1,600000,600000,basketball-v3,0,0.0,,37.05758567882472,,500.0,,1,50,50
basketball_pickplace,config_1,600000,600000,pick-place-v3,1,0.02,,140.35514482614315,,491.24,62.0,1,50,50
basketball_pickplace,config_1,650000,650000,basketball-v3,0,0.0,,63.20636080023989,,500.0,,1,50,50
basketball_pickplace,config_1,650000,650000,pick-place-v3,1,0.06,,180.3149509898145,,474.0,66.66666666666667,1,50,50
basketball_pickplace,config_1,700000,700000,basketball-v3,0,0.0,,117.12775194000211,,500.0,,1,50,50
basketball_pickplace,config_1,700000,700000,pick-place-v3,1,0.1,,151.8954993638944,,458.58,85.8,1,50,50
basketball_pickplace,config_1,750000,750000,basketball-v3,0,0.0,,209.5352112827364,,500.0,,1,50,50
basketball_pickplace,config_1,750000,750000,pick-place-v3,1,0.1,,97.03749389329772,,459.1,91.0,1,50,50
basketball_pickplace,config_1,800000,800000,basketball-v3,0,0.0,,290.835872244801,,500.0,,1,50,50
basketball_pickplace,config_1,800000,800000,pick-place-v3,1,0.1,,193.757098027987,,457.3,73.0,1,50,50
basketball_pickplace,config_1,850000,850000,basketball-v3,0,0.0,,315.7863700519497,,500.0,,1,50,50
basketball_pickplace,config_1,850000,850000,pick-place-v3,1,0.1,,160.33410096794748,,461.54,115.4,1,50,50
basketball_pickplace,config_1,900000,900000,basketball-v3,0,0.0,,368.45289704016267,,500.0,,1,50,50
basketball_pickplace,config_1,900000,900000,pick-place-v3,1,0.12,,111.16112902492878,,451.74,97.83333333333331,1,50,50
basketball_pickplace,config_1,950000,950000,basketball-v3,0,0.0,,337.77264032614994,,500.0,,1,50,50
basketball_pickplace,config_1,950000,950000,pick-place-v3,1,0.14,,98.19199651232697,,450.72,148.0,1,50,50
basketball_pickplace,config_1,1000000,1000000,basketball-v3,0,0.0,,376.6049300404731,,500.0,,1,50,50
basketball_pickplace,config_1,1000000,1000000,pick-place-v3,1,0.14,,194.11928495644665,,442.04,86.0,1,50,50
basketball_pickplace,config_1,1050000,1050000,basketball-v3,0,0.0,,317.8518211869412,,500.0,,1,50,50
basketball_pickplace,config_1,1050000,1050000,pick-place-v3,1,0.12,,187.80295713557123,,451.7,97.5,1,50,50
basketball_pickplace,config_1,1100000,1100000,basketball-v3,0,0.0,,341.44746041227853,,500.0,,1,50,50
basketball_pickplace,config_1,1100000,1100000,pick-place-v3,1,0.14,,226.53572461276232,,439.32,66.57142857142857,1,50,50
basketball_pickplace,config_1,1150000,1150000,basketball-v3,0,0.0,,354.405908930663,,500.0,,1,50,50
basketball_pickplace,config_1,1150000,1150000,pick-place-v3,1,0.1,,310.90800407912576,,455.7,57.0,1,50,50
basketball_pickplace,config_1,1200000,1200000,basketball-v3,0,0.0,,505.3057028631172,,500.0,,1,50,50
basketball_pickplace,config_1,1200000,1200000,pick-place-v3,1,0.14,,222.38997946130883,,444.54,103.85714285714286,1,50,50
basketball_pickplace,config_1,1250000,1250000,basketball-v3,0,0.0,,473.6749557034112,,500.0,,1,50,50
basketball_pickplace,config_1,1250000,1250000,pick-place-v3,1,0.14,,360.98951204540623,,439.72,69.42857142857143,1,50,50
basketball_pickplace,config_1,1300000,1300000,basketball-v3,0,0.0,,581.3450731215688,,500.0,,1,50,50
basketball_pickplace,config_1,1300000,1300000,pick-place-v3,1,0.2,,211.52279281893556,,418.88,94.4,1,50,50
basketball_pickplace,config_1,1350000,1350000,basketball-v3,0,0.0,,506.23135119117455,,500.0,,1,50,50
basketball_pickplace,config_1,1350000,1350000,pick-place-v3,1,0.26,,216.942919451262,,387.52,67.38461538461539,1,50,50
basketball_pickplace,config_1,1400000,1400000,basketball-v3,0,0.0,,605.6358718358603,,500.0,,1,50,50
basketball_pickplace,config_1,1400000,1400000,pick-place-v3,1,0.22,,272.8412854994729,,403.92,63.27272727272727,1,50,50
basketball_pickplace,config_1,1450000,1450000,basketball-v3,0,0.0,,697.7120275184362,,500.0,,1,50,50
basketball_pickplace,config_1,1450000,1450000,pick-place-v3,1,0.32,,306.6971152753121,,356.48,51.5,1,50,50
basketball_pickplace,config_1,1500000,1500000,basketball-v3,0,0.0,,1106.910762584072,,500.0,,1,50,50
basketball_pickplace,config_1,1500000,1500000,pick-place-v3,1,0.3,,453.5929339112538,,368.08,60.266666666666666,1,50,50
basketball_pickplace,config_1,1550000,1550000,basketball-v3,0,0.0,,1160.1398584630952,,500.0,,1,50,50
basketball_pickplace,config_1,1550000,1550000,pick-place-v3,1,0.26,,727.7358321515973,,386.0,61.53846153846154,1,50,50
basketball_pickplace,config_1,1600000,1600000,basketball-v3,0,0.0,,1158.95639529336,,500.0,,1,50,50
basketball_pickplace,config_1,1600000,1600000,pick-place-v3,1,0.26,,1052.0963165845758,,385.9,61.15384615384615,1,50,50
basketball_pickplace,config_1,1650000,1650000,basketball-v3,0,0.0,,1144.929570122189,,500.0,,1,50,50
basketball_pickplace,config_1,1650000,1650000,pick-place-v3,1,0.22,,1049.6013623431147,,406.1,73.18181818181819,1,50,50
basketball_pickplace,config_1,1700000,1700000,basketball-v3,0,0.0,,1052.8492337835582,,500.0,,1,50,50
basketball_pickplace,config_1,1700000,1700000,pick-place-v3,1,0.26,,682.9628484119727,,390.26,77.92307692307692,1,50,50
basketball_pickplace,config_1,1750000,1750000,basketball-v3,0,0.0,,827.5718324402405,,500.0,,1,50,50
basketball_pickplace,config_1,1750000,1750000,pick-place-v3,1,0.3,,998.612197849859,,366.08,53.6,1,50,50
basketball_pickplace,config_1,1800000,1800000,basketball-v3,0,0.0,,1060.041562954751,,500.0,,1,50,50
basketball_pickplace,config_1,1800000,1800000,pick-place-v3,1,0.36,,675.0482491681319,,341.16,58.77777777777778,1,50,50
basketball_pickplace,config_1,1850000,1850000,basketball-v3,0,0.0,,1080.7929323509095,,500.0,,1,50,50
basketball_pickplace,config_1,1850000,1850000,pick-place-v3,1,0.3,,738.5506446558461,,371.52,71.73333333333333,1,50,50
basketball_pickplace,config_1,1900000,1900000,basketball-v3,0,0.0,,1112.4785236502642,,500.0,,1,50,50
basketball_pickplace,config_1,1900000,1900000,pick-place-v3,1,0.3,,609.1135663892895,,368.74,62.46666666666667,1,50,50
basketball_pickplace,config_1,1950000,1950000,basketball-v3,0,0.0,,1131.9728035450682,,500.0,,1,50,50
basketball_pickplace,config_1,1950000,1950000,pick-place-v3,1,0.38,,550.5699930132727,,332.52,59.26315789473684,1,50,50
basketball_pickplace,config_1,2000000,2000000,basketball-v3,0,0.0,,961.685808189268,,500.0,,1,50,50
basketball_pickplace,config_1,2000000,2000000,pick-place-v3,1,0.36,,666.3595149324002,,338.86,52.388888888888886,1,50,50
basketball_pickplace,config_1,2050000,2050000,basketball-v3,0,0.0,,1197.1765910017884,,500.0,,1,50,50
basketball_pickplace,config_1,2050000,2050000,pick-place-v3,1,0.42,,711.965974393139,,312.82,54.333333333333336,1,50,50
basketball_pickplace,config_1,2100000,2100000,basketball-v3,0,0.0,,1214.9195191794454,,500.0,,1,50,50
basketball_pickplace,config_1,2100000,2100000,pick-place-v3,1,0.5,,830.4363526265101,,275.46,50.92,1,50,50
basketball_pickplace,config_1,2150000,2150000,basketball-v3,0,0.0,,1207.1993271917763,,500.0,,1,50,50
basketball_pickplace,config_1,2150000,2150000,pick-place-v3,1,0.52,,821.8735214985976,,269.16,56.07692307692308,1,50,50
basketball_pickplace,config_1,2200000,2200000,basketball-v3,0,0.0,,1232.8073601787144,,500.0,,1,50,50
basketball_pickplace,config_1,2200000,2200000,pick-place-v3,1,0.52,,810.6732635083624,,266.96,51.84615384615385,1,50,50
basketball_pickplace,config_1,2250000,2250000,basketball-v3,0,0.0,,1199.419475967058,,500.0,,1,50,50
basketball_pickplace,config_1,2250000,2250000,pick-place-v3,1,0.56,,830.2105130420055,,248.64,51.142857142857146,1,50,50
basketball_pickplace,config_1,2300000,2300000,basketball-v3,0,0.0,,1242.3845529340292,,500.0,,1,50,50
basketball_pickplace,config_1,2300000,2300000,pick-place-v3,1,0.58,,859.4480095482121,,239.82,51.41379310344828,1,50,50
basketball_pickplace,config_1,2350000,2350000,basketball-v3,0,0.02,,1301.786660061945,,498.06,403.0,1,50,50
basketball_pickplace,config_1,2350000,2350000,pick-place-v3,1,0.58,,936.085386036761,,237.26,47.0,1,50,50
basketball_pickplace,config_1,2400000,2400000,basketball-v3,0,0.0,,1247.4627365790836,,500.0,,1,50,50
basketball_pickplace,config_1,2400000,2400000,pick-place-v3,1,0.58,,989.7246822553948,,238.3,48.793103448275865,1,50,50
basketball_pickplace,config_1,2450000,2450000,basketball-v3,0,0.0,,1367.8642119182082,,500.0,,1,50,50
basketball_pickplace,config_1,2450000,2450000,pick-place-v3,1,0.6,,811.449475899873,,227.92,46.53333333333333,1,50,50
basketball_pickplace,config_1,2500000,2500000,basketball-v3,0,0.0,,1189.2526296695123,,500.0,,1,50,50
basketball_pickplace,config_1,2500000,2500000,pick-place-v3,1,0.6,,813.8443613615653,,227.26,45.43333333333333,1,50,50
basketball_pickplace,config_1,2550000,2550000,basketball-v3,0,0.12,,1376.111001205606,,493.48,445.6666666666667,1,50,50
basketball_pickplace,config_1,2550000,2550000,pick-place-v3,1,0.6,,856.2153016673806,,227.4,45.66666666666666,1,50,50
basketball_pickplace,config_1,2600000,2600000,basketball-v3,0,0.1,,1356.7384839560086,,497.84,478.4,1,50,50
basketball_pickplace,config_1,2600000,2600000,pick-place-v3,1,0.6,,673.9602774432653,,228.02,46.7,1,50,50
basketball_pickplace,config_1,2650000,2650000,basketball-v3,0,0.0,,1414.6880429401497,,500.0,,1,50,50
basketball_pickplace,config_1,2650000,2650000,pick-place-v3,1,0.56,,650.6263991508013,,247.28,48.71428571428572,1,50,50
basketball_pickplace,config_1,2700000,2700000,basketball-v3,0,0.0,,1480.66106108926,,500.0,,1,50,50
basketball_pickplace,config_1,2700000,2700000,pick-place-v3,1,0.62,,761.2168459023544,,221.82,51.32258064516129,1,50,50
basketball_pickplace,config_1,2750000,2750000,basketball-v3,0,0.0,,1551.0519692431417,,500.0,,1,50,50
basketball_pickplace,config_1,2750000,2750000,pick-place-v3,1,0.72,,624.1430021412505,,176.54,50.75,1,50,50
basketball_pickplace,config_1,2800000,2800000,basketball-v3,0,0.0,,1720.897208676734,,500.0,,1,50,50
basketball_pickplace,config_1,2800000,2800000,pick-place-v3,1,0.72,,673.6703627556481,,173.72,46.833333333333336,1,50,50
basketball_pickplace,config_1,2850000,2850000,basketball-v3,0,0.0,,1491.7791457615033,,500.0,,1,50,50
basketball_pickplace,config_1,2850000,2850000,pick-place-v3,1,0.74,,697.3846654132803,,164.02,45.972972972972975,1,50,50
basketball_pickplace,config_1,2900000,2900000,basketball-v3,0,0.0,,1540.6248445834938,,500.0,,1,50,50
basketball_pickplace,config_1,2900000,2900000,pick-place-v3,1,0.9,,319.6488573614881,,92.3,47.0,1,50,50
basketball_pickplace,config_1,2950000,2950000,basketball-v3,0,0.0,,1802.7350608234349,,500.0,,1,50,50
basketball_pickplace,config_1,2950000,2950000,pick-place-v3,1,0.94,,199.86094542269737,,73.96,46.765957446808514,1,50,50
basketball_pickplace,config_1,3000000,3000000,basketball-v3,0,0.02,,1936.4011812799376,,492.68,134.0,1,50,50
basketball_pickplace,config_1,3000000,3000000,pick-place-v3,1,1.0,,89.62182606381631,,48.08,48.08,1,50,50
basketball_pickplace,config_1,3050000,3050000,basketball-v3,0,0.0,,2234.1221733224825,,500.0,,1,50,50
basketball_pickplace,config_1,3050000,3050000,pick-place-v3,1,1.0,,77.67990041332499,,46.04,46.04,1,50,50
basketball_pickplace,config_1,3100000,3100000,basketball-v3,0,0.0,,2162.2055471461144,,500.0,,1,50,50
basketball_pickplace,config_1,3100000,3100000,pick-place-v3,1,1.0,,78.82250198888379,,45.4,45.4,1,50,50
basketball_pickplace,config_1,3150000,3150000,basketball-v3,0,0.0,,1995.7136584724744,,500.0,,1,50,50
basketball_pickplace,config_1,3150000,3150000,pick-place-v3,1,0.98,,77.34171484314543,,54.16,45.06122448979592,1,50,50
basketball_pickplace,config_1,3200000,3200000,basketball-v3,0,0.0,,2258.4397805003955,,500.0,,1,50,50
basketball_pickplace,config_1,3200000,3200000,pick-place-v3,1,1.0,,75.64876080476678,,45.44,45.44,1,50,50
basketball_pickplace,config_1,3250000,3250000,basketball-v3,0,0.0,,2134.2307252386936,,500.0,,1,50,50
basketball_pickplace,config_1,3250000,3250000,pick-place-v3,1,0.94,,72.20228479120775,,73.82,46.61702127659574,1,50,50
basketball_pickplace,config_1,3300000,3300000,basketball-v3,0,0.0,,2420.67039527906,,500.0,,1,50,50
basketball_pickplace,config_1,3300000,3300000,pick-place-v3,1,0.98,,71.41886933235335,,53.98,44.87755102040816,1,50,50
basketball_pickplace,config_1,3350000,3350000,basketball-v3,0,0.0,,2531.56895180158,,500.0,,1,50,50
basketball_pickplace,config_1,3350000,3350000,pick-place-v3,1,1.0,,77.26782279172788,,45.8,45.8,1,50,50
basketball_pickplace,config_1,3400000,3400000,basketball-v3,0,0.02,,2981.228614569421,,495.38,269.0,1,50,50
basketball_pickplace,config_1,3400000,3400000,pick-place-v3,1,1.0,,78.16929240282627,,46.3,46.3,1,50,50
basketball_pickplace,config_1,3450000,3450000,basketball-v3,0,0.26,,2406.4812305170826,,401.52,121.23076923076924,1,50,50
basketball_pickplace,config_1,3450000,3450000,pick-place-v3,1,1.0,,75.31383527719974,,44.72,44.72,1,50,50
basketball_pickplace,config_1,3500000,3500000,basketball-v3,0,0.34,,1897.6562562883291,,362.64,96.0,1,50,50
basketball_pickplace,config_1,3500000,3500000,pick-place-v3,1,1.0,,75.40979209316494,,44.66,44.66,1,50,50
basketball_pickplace,config_1,3550000,3550000,basketball-v3,0,0.22,,1983.877071383559,,407.48,79.45454545454545,1,50,50
basketball_pickplace,config_1,3550000,3550000,pick-place-v3,1,1.0,,77.13292362860756,,44.68,44.68,1,50,50
basketball_pickplace,config_1,3600000,3600000,basketball-v3,0,0.46,,1314.8120787850526,,311.48,90.17391304347828,1,50,50
basketball_pickplace,config_1,3600000,3600000,pick-place-v3,1,1.0,,76.91172837590837,,44.12,44.12,1,50,50
basketball_pickplace,config_1,3650000,3650000,basketball-v3,0,0.72,,920.5390353108507,,204.64,89.77777777777777,1,50,50
basketball_pickplace,config_1,3650000,3650000,pick-place-v3,1,1.0,,78.10995218289355,,44.86,44.86,1,50,50
basketball_pickplace,config_1,3700000,3700000,basketball-v3,0,0.62,,729.6744711520197,,248.18,93.83870967741936,1,50,50
basketball_pickplace,config_1,3700000,3700000,pick-place-v3,1,1.0,,76.1251106730424,,48.42,48.42,1,50,50
basketball_pickplace,config_1,3750000,3750000,basketball-v3,0,0.78,,752.2211893844419,,181.12,91.17948717948718,1,50,50
basketball_pickplace,config_1,3750000,3750000,pick-place-v3,1,0.98,,79.07810855529625,,63.78,54.87755102040816,1,50,50
basketball_pickplace,config_1,3800000,3800000,basketball-v3,0,0.92,,387.8499404461129,,108.72,74.69565217391305,1,50,50
basketball_pickplace,config_1,3800000,3800000,pick-place-v3,1,1.0,,71.68522284890601,,44.42,44.42,1,50,50
basketball_pickplace,config_1,3850000,3850000,basketball-v3,0,0.82,,481.5723276170811,,156.4,80.97560975609755,1,50,50
basketball_pickplace,config_1,3850000,3850000,pick-place-v3,1,1.0,,71.98877587955296,,45.04,45.04,1,50,50
basketball_pickplace,config_1,3900000,3900000,basketball-v3,0,0.96,,170.6673232246502,,84.94,67.64583333333333,1,50,50
basketball_pickplace,config_1,3900000,3900000,pick-place-v3,1,0.98,,75.07685028691216,,55.74,46.67346938775511,1,50,50
basketball_pickplace,config_1,3950000,3950000,basketball-v3,0,1.0,,168.23749010563645,,71.58,71.58,1,50,50
basketball_pickplace,config_1,3950000,3950000,pick-place-v3,1,1.0,,69.7604785689578,,46.02,46.02,1,50,50
basketball_pickplace,config_1,4000000,4000000,basketball-v3,0,1.0,,161.52043132307463,,65.28,65.28,1,50,50
basketball_pickplace,config_1,4000000,4000000,pick-place-v3,1,0.98,,73.91476746717488,,57.28,48.24489795918368,1,50,50
basketball_pickplace,config_1,4050000,4050000,basketball-v3,0,1.0,,159.28234808260203,,66.62,66.62,1,50,50
basketball_pickplace,config_1,4050000,4050000,pick-place-v3,1,1.0,,76.59410228294162,,46.66,46.66,1,50,50
basketball_pickplace,config_1,4100000,4100000,basketball-v3,0,1.0,,161.68316980794475,,65.64,65.64,1,50,50
basketball_pickplace,config_1,4100000,4100000,pick-place-v3,1,0.98,,77.83215908120894,,56.02,46.95918367346939,1,50,50
basketball_pickplace,config_1,4150000,4150000,basketball-v3,0,1.0,,168.7103884439774,,67.98,67.98,1,50,50
basketball_pickplace,config_1,4150000,4150000,pick-place-v3,1,1.0,,80.8786636688621,,48.04,48.04,1,50,50
basketball_pickplace,config_1,4200000,4200000,basketball-v3,0,1.0,,170.9771127137864,,66.72,66.72,1,50,50
basketball_pickplace,config_1,4200000,4200000,pick-place-v3,1,1.0,,76.9648393215543,,49.18,49.18,1,50,50
basketball_pickplace,config_1,4250000,4250000,basketball-v3,0,1.0,,162.67271369686722,,65.3,65.3,1,50,50
basketball_pickplace,config_1,4250000,4250000,pick-place-v3,1,0.98,,76.29130143943142,,61.3,52.3469387755102,1,50,50
basketball_pickplace,config_1,4300000,4300000,basketball-v3,0,0.9,,151.76996166354286,,109.06,65.62222222222222,1,50,50
basketball_pickplace,config_1,4300000,4300000,pick-place-v3,1,0.98,,77.0728966704429,,66.08,57.224489795918366,1,50,50
basketball_pickplace,config_1,4350000,4350000,basketball-v3,0,0.94,,161.80363170279168,,92.1,66.06382978723404,1,50,50
basketball_pickplace,config_1,4350000,4350000,pick-place-v3,1,0.9,,68.58118612798194,,102.6,58.44444444444444,1,50,50
basketball_pickplace,config_1,4400000,4400000,basketball-v3,0,0.98,,161.09221653512392,,74.36,65.6734693877551,1,50,50
basketball_pickplace,config_1,4400000,4400000,pick-place-v3,1,0.96,,71.97701717508963,,67.78,49.770833333333336,1,50,50
basketball_pickplace,config_1,4450000,4450000,basketball-v3,0,1.0,,148.68549700932988,,61.66,61.66,1,50,50
basketball_pickplace,config_1,4450000,4450000,pick-place-v3,1,0.98,,76.73387416017815,,57.28,48.24489795918368,1,50,50
basketball_pickplace,config_1,4500000,4500000,basketball-v3,0,1.0,,135.24654527805288,,58.72,58.72,1,50,50
basketball_pickplace,config_1,4500000,4500000,pick-place-v3,1,0.98,,77.91379664893539,,56.54,47.48979591836735,1,50,50
basketball_pickplace,config_1,4550000,4550000,basketball-v3,0,1.0,,130.5729643104844,,58.96,58.96,1,50,50
basketball_pickplace,config_1,4550000,4550000,pick-place-v3,1,1.0,,80.8481046420979,,47.36,47.36,1,50,50
basketball_pickplace,config_1,4600000,4600000,basketball-v3,0,1.0,,131.43757242292406,,59.18,59.18,1,50,50
basketball_pickplace,config_1,4600000,4600000,pick-place-v3,1,1.0,,78.0104335554041,,47.16,47.16,1,50,50
basketball_pickplace,config_1,4650000,4650000,basketball-v3,0,1.0,,132.69829656760828,,58.76,58.76,1,50,50
basketball_pickplace,config_1,4650000,4650000,pick-place-v3,1,1.0,,67.06557776916962,,46.56,46.56,1,50,50
basketball_pickplace,config_1,4700000,4700000,basketball-v3,0,1.0,,147.6871061070841,,62.38,62.38,1,50,50
basketball_pickplace,config_1,4700000,4700000,pick-place-v3,1,1.0,,76.92637236886463,,47.7,47.7,1,50,50
basketball_pickplace,config_1,4750000,4750000,basketball-v3,0,1.0,,155.36114093990977,,64.36,64.36,1,50,50
basketball_pickplace,config_1,4750000,4750000,pick-place-v3,1,0.98,,80.05043400416393,,61.48,52.53061224489796,1,50,50
basketball_pickplace,config_1,4800000,4800000,basketball-v3,0,1.0,,150.1487012828373,,62.88,62.88,1,50,50
basketball_pickplace,config_1,4800000,4800000,pick-place-v3,1,0.98,,82.45233937045356,,57.46,48.42857142857143,1,50,50
basketball_pickplace,config_1,4850000,4850000,basketball-v3,0,0.98,,139.25730512517845,,73.34,64.63265306122449,1,50,50
basketball_pickplace,config_1,4850000,4850000,pick-place-v3,1,1.0,,81.56302259040137,,48.98,48.98,1,50,50
basketball_pickplace,config_1,4900000,4900000,basketball-v3,0,0.98,,146.65446669128357,,80.16,71.59183673469387,1,50,50
basketball_pickplace,config_1,4900000,4900000,pick-place-v3,1,1.0,,78.84628394375893,,48.56,48.56,1,50,50
basketball_pickplace,config_1,4950000,4950000,basketball-v3,0,0.88,,127.84582337003576,,115.22,62.75,1,50,50
basketball_pickplace,config_1,4950000,4950000,pick-place-v3,1,1.0,,79.89096053003476,,50.42,50.42,1,50,50
basketball_pickplace,config_1,5000000,5000000,basketball-v3,0,0.96,,128.0184744489899,,79.36,61.833333333333336,1,50,50
basketball_pickplace,config_1,5000000,5000000,pick-place-v3,1,1.0,,80.24158463993307,,48.76,48.76,1,50,50
basketball_pickplace,config_1,5000000,final,basketball-v3,0,0.98,,128.4393426146906,,72.44,63.71428571428572,1,50,50
basketball_pickplace,config_1,5000000,final,pick-place-v3,1,1.0,,79.30102932449572,,48.24,48.24,1,50,50
basketball_pickplace,config_2,50000,50000,basketball-v3,0,0.0,,31.103124363577773,,500.0,,1,50,50
basketball_pickplace,config_2,50000,50000,pick-place-v3,1,0.0,,8.284615859926825,,500.0,,1,50,50
basketball_pickplace,config_2,100000,100000,basketball-v3,0,0.0,,25.35034849998508,,500.0,,1,50,50
basketball_pickplace,config_2,100000,100000,pick-place-v3,1,0.0,,19.67239060168629,,500.0,,1,50,50
basketball_pickplace,config_2,150000,150000,basketball-v3,0,0.0,,29.63132777681485,,500.0,,1,50,50
basketball_pickplace,config_2,150000,150000,pick-place-v3,1,0.0,,38.75434427774598,,500.0,,1,50,50
basketball_pickplace,config_2,200000,200000,basketball-v3,0,0.0,,26.484422745021337,,500.0,,1,50,50
basketball_pickplace,config_2,200000,200000,pick-place-v3,1,0.0,,45.25810921048622,,500.0,,1,50,50
basketball_pickplace,config_2,250000,250000,basketball-v3,0,0.0,,34.22948337138439,,500.0,,1,50,50
basketball_pickplace,config_2,250000,250000,pick-place-v3,1,0.0,,47.25246734956315,,500.0,,1,50,50
basketball_pickplace,config_2,300000,300000,basketball-v3,0,0.0,,40.00209056176989,,500.0,,1,50,50
basketball_pickplace,config_2,300000,300000,pick-place-v3,1,0.0,,48.90809396613988,,500.0,,1,50,50
basketball_pickplace,config_2,350000,350000,basketball-v3,0,0.0,,38.38240812385036,,500.0,,1,50,50
basketball_pickplace,config_2,350000,350000,pick-place-v3,1,0.0,,48.57637389363154,,500.0,,1,50,50
basketball_pickplace,config_2,400000,400000,basketball-v3,0,0.0,,46.35796597359027,,500.0,,1,50,50
basketball_pickplace,config_2,400000,400000,pick-place-v3,1,0.0,,50.537028188865726,,500.0,,1,50,50
basketball_pickplace,config_2,450000,450000,basketball-v3,0,0.0,,168.76261165116625,,500.0,,1,50,50
basketball_pickplace,config_2,450000,450000,pick-place-v3,1,0.0,,51.26347640183884,,500.0,,1,50,50
basketball_pickplace,config_2,500000,500000,basketball-v3,0,0.0,,207.9597390312709,,500.0,,1,50,50
basketball_pickplace,config_2,500000,500000,pick-place-v3,1,0.0,,51.97494672366143,,500.0,,1,50,50
basketball_pickplace,config_2,550000,550000,basketball-v3,0,0.0,,271.8187953446333,,500.0,,1,50,50
basketball_pickplace,config_2,550000,550000,pick-place-v3,1,0.0,,103.47063123663725,,500.0,,1,50,50
basketball_pickplace,config_2,600000,600000,basketball-v3,0,0.0,,373.0613731239919,,500.0,,1,50,50
basketball_pickplace,config_2,600000,600000,pick-place-v3,1,0.0,,266.44513470309374,,500.0,,1,50,50
basketball_pickplace,config_2,650000,650000,basketball-v3,0,0.0,,304.56279583306,,500.0,,1,50,50
basketball_pickplace,config_2,650000,650000,pick-place-v3,1,0.0,,252.93784287041197,,500.0,,1,50,50
basketball_pickplace,config_2,700000,700000,basketball-v3,0,0.0,,367.7734096730168,,500.0,,1,50,50
basketball_pickplace,config_2,700000,700000,pick-place-v3,1,0.0,,321.704819086761,,500.0,,1,50,50
basketball_pickplace,config_2,750000,750000,basketball-v3,0,0.02,,258.04651728916474,,499.68,484.0,1,50,50
basketball_pickplace,config_2,750000,750000,pick-place-v3,1,0.0,,381.6889185980367,,500.0,,1,50,50
basketball_pickplace,config_2,800000,800000,basketball-v3,0,0.0,,292.6404830294458,,500.0,,1,50,50
basketball_pickplace,config_2,800000,800000,pick-place-v3,1,0.0,,341.33537969159994,,500.0,,1,50,50
basketball_pickplace,config_2,850000,850000,basketball-v3,0,0.0,,378.893592865124,,500.0,,1,50,50
basketball_pickplace,config_2,850000,850000,pick-place-v3,1,0.0,,267.1224010555361,,500.0,,1,50,50
basketball_pickplace,config_2,900000,900000,basketball-v3,0,0.0,,334.1087644245012,,500.0,,1,50,50
basketball_pickplace,config_2,900000,900000,pick-place-v3,1,0.02,,370.2983491987901,,499.86,493.0,1,50,50
basketball_pickplace,config_2,950000,950000,basketball-v3,0,0.02,,340.809882553669,,499.18,459.0,1,50,50
basketball_pickplace,config_2,950000,950000,pick-place-v3,1,0.0,,463.1714416476264,,500.0,,1,50,50
basketball_pickplace,config_2,1000000,1000000,basketball-v3,0,0.0,,410.5422543564912,,500.0,,1,50,50
basketball_pickplace,config_2,1000000,1000000,pick-place-v3,1,0.06,,435.4577552202716,,475.82,97.0,1,50,50
basketball_pickplace,config_2,1050000,1050000,basketball-v3,0,0.02,,363.4786240655555,,492.84,142.0,1,50,50
basketball_pickplace,config_2,1050000,1050000,pick-place-v3,1,0.08,,312.00214026147387,,466.06,75.75,1,50,50
basketball_pickplace,config_2,1100000,1100000,basketball-v3,0,0.0,,364.9274988522744,,500.0,,1,50,50
basketball_pickplace,config_2,1100000,1100000,pick-place-v3,1,0.1,,420.2969691521071,,463.46,134.6,1,50,50
basketball_pickplace,config_2,1150000,1150000,basketball-v3,0,0.0,,446.9163224130483,,500.0,,1,50,50
basketball_pickplace,config_2,1150000,1150000,pick-place-v3,1,0.14,,292.39312875567686,,442.74,91.0,1,50,50
basketball_pickplace,config_2,1200000,1200000,basketball-v3,0,0.0,,571.5809030012131,,500.0,,1,50,50
basketball_pickplace,config_2,1200000,1200000,pick-place-v3,1,0.12,,373.4245054463492,,450.62,88.5,1,50,50
basketball_pickplace,config_2,1250000,1250000,basketball-v3,0,0.02,,613.361164473828,,495.12,256.0,1,50,50
basketball_pickplace,config_2,1250000,1250000,pick-place-v3,1,0.22,,294.23169038609785,,419.1,132.27272727272728,1,50,50
basketball_pickplace,config_2,1300000,1300000,basketball-v3,0,0.0,,632.6630036140491,,500.0,,1,50,50
basketball_pickplace,config_2,1300000,1300000,pick-place-v3,1,0.2,,414.1105952467946,,423.14,115.7,1,50,50
basketball_pickplace,config_2,1350000,1350000,basketball-v3,0,0.0,,644.9189049881257,,500.0,,1,50,50
basketball_pickplace,config_2,1350000,1350000,pick-place-v3,1,0.26,,443.3191745153008,,397.72,106.6153846153846,1,50,50
basketball_pickplace,config_2,1400000,1400000,basketball-v3,0,0.0,,836.8314096617619,,500.0,,1,50,50
basketball_pickplace,config_2,1400000,1400000,pick-place-v3,1,0.4,,351.43298941866385,,348.98,122.45,1,50,50
basketball_pickplace,config_2,1450000,1450000,basketball-v3,0,0.0,,891.2871485966664,,500.0,,1,50,50
basketball_pickplace,config_2,1450000,1450000,pick-place-v3,1,0.36,,438.3555537726284,,357.22,103.38888888888889,1,50,50
basketball_pickplace,config_2,1500000,1500000,basketball-v3,0,0.0,,1086.0112153698972,,500.0,,1,50,50
basketball_pickplace,config_2,1500000,1500000,pick-place-v3,1,0.4,,460.9138852687467,,344.48,111.2,1,50,50
basketball_pickplace,config_2,1550000,1550000,basketball-v3,0,0.0,,1189.50933467835,,500.0,,1,50,50
basketball_pickplace,config_2,1550000,1550000,pick-place-v3,1,0.48,,563.3851893484164,,330.54,146.95833333333334,1,50,50
basketball_pickplace,config_2,1600000,1600000,basketball-v3,0,0.0,,1137.3597446760225,,500.0,,1,50,50
basketball_pickplace,config_2,1600000,1600000,pick-place-v3,1,0.54,,345.1612990961237,,283.1,98.33333333333331,1,50,50
basketball_pickplace,config_2,1650000,1650000,basketball-v3,0,0.0,,1188.3888304960265,,500.0,,1,50,50
basketball_pickplace,config_2,1650000,1650000,pick-place-v3,1,0.48,,436.4529331005286,,295.2,73.33333333333333,1,50,50
basketball_pickplace,config_2,1700000,1700000,basketball-v3,0,0.02,,1313.418758099731,,491.6,80.0,1,50,50
basketball_pickplace,config_2,1700000,1700000,pick-place-v3,1,0.56,,472.3772467780566,,264.82,80.03571428571429,1,50,50
basketball_pickplace,config_2,1750000,1750000,basketball-v3,0,0.0,,1184.286546532737,,500.0,,1,50,50
basketball_pickplace,config_2,1750000,1750000,pick-place-v3,1,0.62,,449.5058161890857,,260.9,114.35483870967742,1,50,50
basketball_pickplace,config_2,1800000,1800000,basketball-v3,0,0.0,,1317.4123912208297,,500.0,,1,50,50
basketball_pickplace,config_2,1800000,1800000,pick-place-v3,1,0.72,,307.24132672984524,,203.52,88.22222222222223,1,50,50
basketball_pickplace,config_2,1850000,1850000,basketball-v3,0,0.0,,1511.0240699222286,,500.0,,1,50,50
basketball_pickplace,config_2,1850000,1850000,pick-place-v3,1,0.7,,565.049623994903,,233.5,119.28571428571428,1,50,50
basketball_pickplace,config_2,1900000,1900000,basketball-v3,0,0.0,,1485.6125509189512,,500.0,,1,50,50
basketball_pickplace,config_2,1900000,1900000,pick-place-v3,1,0.66,,399.9745963981335,,217.16,71.45454545454545,1,50,50
basketball_pickplace,config_2,1950000,1950000,basketball-v3,0,0.02,,1488.1573584284895,,491.34,67.0,1,50,50
basketball_pickplace,config_2,1950000,1950000,pick-place-v3,1,0.76,,503.1147389940299,,190.68,93.0,1,50,50
basketball_pickplace,config_2,2000000,2000000,basketball-v3,0,0.0,,2108.9388806179068,,500.0,,1,50,50
basketball_pickplace,config_2,2000000,2000000,pick-place-v3,1,0.86,,238.7166270349279,,120.3,58.48837209302326,1,50,50
basketball_pickplace,config_2,2050000,2050000,basketball-v3,0,0.02,,2152.873105964499,,491.88,94.0,1,50,50
basketball_pickplace,config_2,2050000,2050000,pick-place-v3,1,0.92,,200.8537015103225,,103.54,69.06521739130434,1,50,50
basketball_pickplace,config_2,2100000,2100000,basketball-v3,0,0.08,,2079.6186443151573,,482.48,281.0,1,50,50
basketball_pickplace,config_2,2100000,2100000,pick-place-v3,1,0.92,,143.09468030173855,,94.2,58.91304347826087,1,50,50
basketball_pickplace,config_2,2150000,2150000,basketball-v3,0,0.1,,1941.9706373393135,,474.76,247.6,1,50,50
basketball_pickplace,config_2,2150000,2150000,pick-place-v3,1,1.0,,117.74219558210228,,55.68,55.68,1,50,50
basketball_pickplace,config_2,2200000,2200000,basketball-v3,0,0.08,,1826.7877344528283,,479.12,239.0,1,50,50
basketball_pickplace,config_2,2200000,2200000,pick-place-v3,1,1.0,,147.46856054050244,,59.88,59.88,1,50,50
basketball_pickplace,config_2,2250000,2250000,basketball-v3,0,0.04,,2083.871097660663,,490.72,268.0,1,50,50
basketball_pickplace,config_2,2250000,2250000,pick-place-v3,1,1.0,,123.3025647526843,,54.7,54.7,1,50,50
basketball_pickplace,config_2,2300000,2300000,basketball-v3,0,0.0,,2095.2742529561424,,500.0,,1,50,50
basketball_pickplace,config_2,2300000,2300000,pick-place-v3,1,1.0,,104.9020813237564,,51.72,51.72,1,50,50
basketball_pickplace,config_2,2350000,2350000,basketball-v3,0,0.02,,2111.1716126701936,,495.52,276.0,1,50,50
basketball_pickplace,config_2,2350000,2350000,pick-place-v3,1,1.0,,101.890700499513,,51.6,51.6,1,50,50
basketball_pickplace,config_2,2400000,2400000,basketball-v3,0,0.14,,1956.9901357162755,,461.84,227.42857142857144,1,50,50
basketball_pickplace,config_2,2400000,2400000,pick-place-v3,1,0.96,,101.56739988050036,,71.9,54.0625,1,50,50
basketball_pickplace,config_2,2450000,2450000,basketball-v3,0,0.46,,1220.6456306847529,,347.18,167.7826086956522,1,50,50
basketball_pickplace,config_2,2450000,2450000,pick-place-v3,1,0.94,,122.76657627535178,,89.7,63.51063829787234,1,50,50
basketball_pickplace,config_2,2500000,2500000,basketball-v3,0,0.66,,787.825240912866,,268.2,148.78787878787878,1,50,50
basketball_pickplace,config_2,2500000,2500000,pick-place-v3,1,0.98,,109.52902628874016,,67.46,58.63265306122449,1,50,50
basketball_pickplace,config_2,2550000,2550000,basketball-v3,0,0.66,,1248.5822181444794,,303.56,202.3636363636364,1,50,50
basketball_pickplace,config_2,2550000,2550000,pick-place-v3,1,0.94,,121.22944025806588,,85.48,59.02127659574468,1,50,50
basketball_pickplace,config_2,2600000,2600000,basketball-v3,0,0.58,,695.1864501037651,,276.56,114.75862068965516,1,50,50
basketball_pickplace,config_2,2600000,2600000,pick-place-v3,1,0.98,,97.20956843926614,,64.08,55.18367346938776,1,50,50
basketball_pickplace,config_2,2650000,2650000,basketball-v3,0,0.86,,503.13160799971314,,158.4,102.7906976744186,1,50,50
basketball_pickplace,config_2,2650000,2650000,pick-place-v3,1,1.0,,109.89042583242676,,57.44,57.44,1,50,50
basketball_pickplace,config_2,2700000,2700000,basketball-v3,0,0.86,,441.58109997082414,,153.46,97.04651162790698,1,50,50
basketball_pickplace,config_2,2700000,2700000,pick-place-v3,1,1.0,,119.4384429700925,,59.72,59.72,1,50,50
basketball_pickplace,config_2,2750000,2750000,basketball-v3,0,0.68,,503.59478819266513,,229.18,101.73529411764706,1,50,50
basketball_pickplace,config_2,2750000,2750000,pick-place-v3,1,0.9,,99.53528740796928,,104.44,60.48888888888889,1,50,50
basketball_pickplace,config_2,2800000,2800000,basketball-v3,0,0.94,,422.58641644130125,,126.54,102.70212765957449,1,50,50
basketball_pickplace,config_2,2800000,2800000,pick-place-v3,1,0.84,,77.08446902448058,,121.8,49.76190476190476,1,50,50
basketball_pickplace,config_2,2850000,2850000,basketball-v3,0,0.94,,308.0798904840721,,108.32,83.31914893617021,1,50,50
basketball_pickplace,config_2,2850000,2850000,pick-place-v3,1,0.94,,87.26632569749717,,78.64,51.74468085106383,1,50,50
basketball_pickplace,config_2,2900000,2900000,basketball-v3,0,0.7,,227.207547701646,,211.12,87.31428571428572,1,50,50
basketball_pickplace,config_2,2900000,2900000,pick-place-v3,1,0.9,,137.10139006721965,,99.5,55.0,1,50,50
basketball_pickplace,config_2,2950000,2950000,basketball-v3,0,0.88,,265.470955177258,,129.32,78.77272727272727,1,50,50
basketball_pickplace,config_2,2950000,2950000,pick-place-v3,1,0.96,,84.68339421981518,,66.06,47.97916666666666,1,50,50
basketball_pickplace,config_2,3000000,3000000,basketball-v3,0,0.92,,229.2228918110959,,106.36,72.1304347826087,1,50,50
basketball_pickplace,config_2,3000000,3000000,pick-place-v3,1,0.94,,124.73328914899132,,89.14,62.91489361702128,1,50,50
basketball_pickplace,config_2,3050000,3050000,basketball-v3,0,0.92,,212.4173846596944,,103.2,68.69565217391305,1,50,50
basketball_pickplace,config_2,3050000,3050000,pick-place-v3,1,1.0,,83.55423740379538,,47.76,47.76,1,50,50
basketball_pickplace,config_2,3100000,3100000,basketball-v3,0,0.98,,196.87717608750935,,74.24,65.55102040816327,1,50,50
basketball_pickplace,config_2,3100000,3100000,pick-place-v3,1,0.98,,83.20653451594758,,57.34,48.30612244897959,1,50,50
basketball_pickplace,config_2,3150000,3150000,basketball-v3,0,0.98,,183.1271070134073,,73.42,64.71428571428571,1,50,50
basketball_pickplace,config_2,3150000,3150000,pick-place-v3,1,0.96,,77.4788982777945,,66.62,48.5625,1,50,50
basketball_pickplace,config_2,3200000,3200000,basketball-v3,0,0.98,,179.25070281580014,,73.0,64.28571428571429,1,50,50
basketball_pickplace,config_2,3200000,3200000,pick-place-v3,1,0.98,,81.23390159540273,,56.56,47.51020408163265,1,50,50
basketball_pickplace,config_2,3250000,3250000,basketball-v3,0,1.0,,195.41339519749872,,64.58,64.58,1,50,50
basketball_pickplace,config_2,3250000,3250000,pick-place-v3,1,0.94,,77.90050966613242,,75.12,48.0,1,50,50
basketball_pickplace,config_2,3300000,3300000,basketball-v3,0,1.0,,156.07501509061848,,59.92,59.92,1,50,50
basketball_pickplace,config_2,3300000,3300000,pick-place-v3,1,0.94,,75.82881570985852,,79.06,52.191489361702125,1,50,50
basketball_pickplace,config_2,3350000,3350000,basketball-v3,0,1.0,,152.53072416342553,,58.22,58.22,1,50,50
basketball_pickplace,config_2,3350000,3350000,pick-place-v3,1,0.96,,75.51681741486266,,67.76,49.75,1,50,50
basketball_pickplace,config_2,3400000,3400000,basketball-v3,0,1.0,,167.86302183228682,,60.42,60.42,1,50,50
basketball_pickplace,config_2,3400000,3400000,pick-place-v3,1,0.98,,71.92673000780387,,63.84,54.93877551020408,1,50,50
basketball_pickplace,config_2,3450000,3450000,basketball-v3,0,0.94,,139.03779890677853,,86.0,59.57446808510638,1,50,50
basketball_pickplace,config_2,3450000,3450000,pick-place-v3,1,0.92,,72.7484606294838,,83.82,47.630434782608695,1,50,50
basketball_pickplace,config_2,3500000,3500000,basketball-v3,0,0.94,,130.92005801796873,,84.22,57.680851063829785,1,50,50
basketball_pickplace,config_2,3500000,3500000,pick-place-v3,1,1.0,,80.50869296098682,,50.2,50.2,1,50,50
basketball_pickplace,config_2,3550000,3550000,basketball-v3,0,1.0,,153.06177381078894,,61.86,61.86,1,50,50
basketball_pickplace,config_2,3550000,3550000,pick-place-v3,1,1.0,,86.94127048085817,,50.6,50.6,1,50,50
basketball_pickplace,config_2,3600000,3600000,basketball-v3,0,0.98,,173.42308960866964,,70.86,62.10204081632653,1,50,50
basketball_pickplace,config_2,3600000,3600000,pick-place-v3,1,1.0,,84.5587302552784,,49.06,49.06,1,50,50
basketball_pickplace,config_2,3650000,3650000,basketball-v3,0,1.0,,190.3107668261052,,64.04,64.04,1,50,50
basketball_pickplace,config_2,3650000,3650000,pick-place-v3,1,1.0,,82.77661733801212,,49.06,49.06,1,50,50
basketball_pickplace,config_2,3700000,3700000,basketball-v3,0,1.0,,192.59377316727205,,65.42,65.42,1,50,50
basketball_pickplace,config_2,3700000,3700000,pick-place-v3,1,1.0,,76.40098593575456,,48.86,48.86,1,50,50
basketball_pickplace,config_2,3750000,3750000,basketball-v3,0,1.0,,208.3513763121861,,68.06,68.06,1,50,50
basketball_pickplace,config_2,3750000,3750000,pick-place-v3,1,1.0,,78.41742671608469,,49.4,49.4,1,50,50
basketball_pickplace,config_2,3800000,3800000,basketball-v3,0,1.0,,187.363093462475,,64.08,64.08,1,50,50
basketball_pickplace,config_2,3800000,3800000,pick-place-v3,1,1.0,,83.35797981535472,,50.46,50.46,1,50,50
basketball_pickplace,config_2,3850000,3850000,basketball-v3,0,1.0,,166.6686283263276,,60.54,60.54,1,50,50
basketball_pickplace,config_2,3850000,3850000,pick-place-v3,1,1.0,,83.92398261471422,,49.46,49.46,1,50,50
basketball_pickplace,config_2,3900000,3900000,basketball-v3,0,1.0,,145.71872166749156,,57.8,57.8,1,50,50
basketball_pickplace,config_2,3900000,3900000,pick-place-v3,1,1.0,,80.56015358508984,,48.88,48.88,1,50,50
basketball_pickplace,config_2,3950000,3950000,basketball-v3,0,1.0,,170.26505946488192,,60.86,60.86,1,50,50
basketball_pickplace,config_2,3950000,3950000,pick-place-v3,1,1.0,,74.98386935619685,,49.36,49.36,1,50,50
basketball_pickplace,config_2,4000000,4000000,basketball-v3,0,0.94,,170.1788047688463,,89.62,63.42553191489362,1,50,50
basketball_pickplace,config_2,4000000,4000000,pick-place-v3,1,1.0,,63.778963427148575,,49.36,49.36,1,50,50
basketball_pickplace,config_2,4050000,4050000,basketball-v3,0,1.0,,139.25894861240383,,56.28,56.28,1,50,50
basketball_pickplace,config_2,4050000,4050000,pick-place-v3,1,1.0,,71.35423190838756,,48.6,48.6,1,50,50
basketball_pickplace,config_2,4100000,4100000,basketball-v3,0,0.98,,156.36935609357798,,67.88,59.06122448979592,1,50,50
basketball_pickplace,config_2,4100000,4100000,pick-place-v3,1,1.0,,72.97464982137569,,48.62,48.62,1,50,50
basketball_pickplace,config_2,4150000,4150000,basketball-v3,0,0.98,,140.27789681004413,,65.08,56.204081632653065,1,50,50
basketball_pickplace,config_2,4150000,4150000,pick-place-v3,1,1.0,,78.50144276921402,,49.44,49.44,1,50,50
basketball_pickplace,config_2,4200000,4200000,basketball-v3,0,0.98,,142.55814781667715,,67.28,58.44897959183673,1,50,50
basketball_pickplace,config_2,4200000,4200000,pick-place-v3,1,1.0,,80.06818718031978,,49.76,49.76,1,50,50
basketball_pickplace,config_2,4250000,4250000,basketball-v3,0,1.0,,137.59548842115333,,55.7,55.7,1,50,50
basketball_pickplace,config_2,4250000,4250000,pick-place-v3,1,1.0,,81.78137809452828,,50.82,50.82,1,50,50
basketball_pickplace,config_2,4300000,4300000,basketball-v3,0,1.0,,146.45535148760712,,60.76,60.76,1,50,50
basketball_pickplace,config_2,4300000,4300000,pick-place-v3,1,1.0,,78.28709051298765,,49.64,49.64,1,50,50
basketball_pickplace,config_2,4350000,4350000,basketball-v3,0,0.98,,134.53934633180833,,65.64,56.775510204081634,1,50,50
basketball_pickplace,config_2,4350000,4350000,pick-place-v3,1,1.0,,76.44607556875016,,49.82,49.82,1,50,50
basketball_pickplace,config_2,4400000,4400000,basketball-v3,0,1.0,,135.67017523057862,,56.44,56.44,1,50,50
basketball_pickplace,config_2,4400000,4400000,pick-place-v3,1,1.0,,76.52126627135462,,49.7,49.7,1,50,50
basketball_pickplace,config_2,4450000,4450000,basketball-v3,0,0.98,,195.2951890315996,,77.78,69.16326530612245,1,50,50
basketball_pickplace,config_2,4450000,4450000,pick-place-v3,1,0.98,,80.11543263174207,,59.58,50.59183673469388,1,50,50
basketball_pickplace,config_2,4500000,4500000,basketball-v3,0,0.96,,169.16165840295685,,79.98,62.47916666666666,1,50,50
basketball_pickplace,config_2,4500000,4500000,pick-place-v3,1,1.0,,79.19587392903455,,50.44,50.44,1,50,50
basketball_pickplace,config_2,4550000,4550000,basketball-v3,0,0.96,,176.99116923225145,,84.28,66.95833333333333,1,50,50
basketball_pickplace,config_2,4550000,4550000,pick-place-v3,1,0.96,,71.23954210141764,,70.24,52.333333333333336,1,50,50
basketball_pickplace,config_2,4600000,4600000,basketball-v3,0,0.98,,187.40996855194956,,72.18,63.44897959183673,1,50,50
basketball_pickplace,config_2,4600000,4600000,pick-place-v3,1,0.98,,73.88843040906215,,61.14,52.18367346938776,1,50,50
basketball_pickplace,config_2,4650000,4650000,basketball-v3,0,0.96,,148.9881600978714,,76.78,59.145833333333336,1,50,50
basketball_pickplace,config_2,4650000,4650000,pick-place-v3,1,1.0,,76.62873960104545,,54.76,54.76,1,50,50
basketball_pickplace,config_2,4700000,4700000,basketball-v3,0,0.9,,136.32473848368957,,102.74,58.6,1,50,50
basketball_pickplace,config_2,4700000,4700000,pick-place-v3,1,0.96,,77.73670137698674,,66.74,48.6875,1,50,50
basketball_pickplace,config_2,4750000,4750000,basketball-v3,0,0.98,,147.34033101485647,,68.0,59.18367346938776,1,50,50
basketball_pickplace,config_2,4750000,4750000,pick-place-v3,1,0.96,,76.15092265960612,,77.8,60.208333333333336,1,50,50
basketball_pickplace,config_2,4800000,4800000,basketball-v3,0,1.0,,189.72089860103077,,64.94,64.94,1,50,50
basketball_pickplace,config_2,4800000,4800000,pick-place-v3,1,1.0,,76.77402181319106,,48.2,48.2,1,50,50
basketball_pickplace,config_2,4850000,4850000,basketball-v3,0,0.96,,202.74754721535533,,86.26,69.02083333333333,1,50,50
basketball_pickplace,config_2,4850000,4850000,pick-place-v3,1,1.0,,76.54266482855583,,48.04,48.04,1,50,50
basketball_pickplace,config_2,4900000,4900000,basketball-v3,0,0.98,,151.56739869538515,,67.14,58.30612244897959,1,50,50
basketball_pickplace,config_2,4900000,4900000,pick-place-v3,1,1.0,,73.51959836525953,,47.96,47.96,1,50,50
basketball_pickplace,config_2,4950000,4950000,basketball-v3,0,0.96,,129.49398221972038,,73.56,55.79166666666666,1,50,50
basketball_pickplace,config_2,4950000,4950000,pick-place-v3,1,1.0,,74.27195891321261,,48.42,48.42,1,50,50
basketball_pickplace,config_2,5000000,5000000,basketball-v3,0,1.0,,161.36563650487864,,60.16,60.16,1,50,50
basketball_pickplace,config_2,5000000,5000000,pick-place-v3,1,0.98,,72.49983957421655,,57.14,48.10204081632653,1,50,50
basketball_pickplace,config_2,5000000,final,basketball-v3,0,1.0,,164.43446952842874,,61.44,61.44,1,50,50
basketball_pickplace,config_2,5000000,final,pick-place-v3,1,0.98,,72.65331046401302,,57.22,48.18367346938776,1,50,50
basketball_pickplace,config_3,50000,50000,basketball-v3,0,0.0,,20.222470238803343,,500.0,,1,50,50
basketball_pickplace,config_3,50000,50000,pick-place-v3,1,0.0,,11.050659954583082,,500.0,,1,50,50
basketball_pickplace,config_3,100000,100000,basketball-v3,0,0.0,,22.02610465349679,,500.0,,1,50,50
basketball_pickplace,config_3,100000,100000,pick-place-v3,1,0.0,,28.62832797865958,,500.0,,1,50,50
basketball_pickplace,config_3,150000,150000,basketball-v3,0,0.0,,39.02440085625372,,500.0,,1,50,50
basketball_pickplace,config_3,150000,150000,pick-place-v3,1,0.0,,39.27457637506085,,500.0,,1,50,50
basketball_pickplace,config_3,200000,200000,basketball-v3,0,0.0,,43.395834681731415,,500.0,,1,50,50
basketball_pickplace,config_3,200000,200000,pick-place-v3,1,0.0,,49.60372284832042,,500.0,,1,50,50
basketball_pickplace,config_3,250000,250000,basketball-v3,0,0.0,,50.5340934961135,,500.0,,1,50,50
basketball_pickplace,config_3,250000,250000,pick-place-v3,1,0.0,,55.58313222696032,,500.0,,1,50,50
basketball_pickplace,config_3,300000,300000,basketball-v3,0,0.0,,51.95386592225387,,500.0,,1,50,50
basketball_pickplace,config_3,300000,300000,pick-place-v3,1,0.0,,195.8526215667008,,500.0,,1,50,50
basketball_pickplace,config_3,350000,350000,basketball-v3,0,0.0,,179.66157896488443,,500.0,,1,50,50
basketball_pickplace,config_3,350000,350000,pick-place-v3,1,0.0,,367.4527422067468,,500.0,,1,50,50
basketball_pickplace,config_3,400000,400000,basketball-v3,0,0.0,,777.214995257352,,500.0,,1,50,50
basketball_pickplace,config_3,400000,400000,pick-place-v3,1,0.0,,483.86850859229605,,500.0,,1,50,50
basketball_pickplace,config_3,450000,450000,basketball-v3,0,0.0,,904.9770041657922,,500.0,,1,50,50
basketball_pickplace,config_3,450000,450000,pick-place-v3,1,0.0,,665.620310012262,,500.0,,1,50,50
basketball_pickplace,config_3,500000,500000,basketball-v3,0,0.0,,942.7020200362292,,500.0,,1,50,50
basketball_pickplace,config_3,500000,500000,pick-place-v3,1,0.0,,394.3203305583054,,500.0,,1,50,50
basketball_pickplace,config_3,550000,550000,basketball-v3,0,0.0,,841.5329038174444,,500.0,,1,50,50
basketball_pickplace,config_3,550000,550000,pick-place-v3,1,0.0,,547.4245577428941,,500.0,,1,50,50
basketball_pickplace,config_3,600000,600000,basketball-v3,0,0.0,,809.0735896452057,,500.0,,1,50,50
basketball_pickplace,config_3,600000,600000,pick-place-v3,1,0.0,,830.0806177636208,,500.0,,1,50,50
basketball_pickplace,config_3,650000,650000,basketball-v3,0,0.0,,769.710240608242,,500.0,,1,50,50
basketball_pickplace,config_3,650000,650000,pick-place-v3,1,0.04,,731.1752072317453,,481.84,46.0,1,50,50
basketball_pickplace,config_3,700000,700000,basketball-v3,0,0.0,,900.5838548685284,,500.0,,1,50,50
basketball_pickplace,config_3,700000,700000,pick-place-v3,1,0.34,,664.9682719866003,,355.2,74.11764705882354,1,50,50
basketball_pickplace,config_3,750000,750000,basketball-v3,0,0.0,,1039.2414038275344,,500.0,,1,50,50
basketball_pickplace,config_3,750000,750000,pick-place-v3,1,0.28,,771.84502146472,,381.4,76.42857142857143,1,50,50
basketball_pickplace,config_3,800000,800000,basketball-v3,0,0.0,,1067.544871467912,,500.0,,1,50,50
basketball_pickplace,config_3,800000,800000,pick-place-v3,1,0.26,,931.816905777868,,381.7,45.0,1,50,50
basketball_pickplace,config_3,850000,850000,basketball-v3,0,0.0,,1066.1363904064997,,500.0,,1,50,50
basketball_pickplace,config_3,850000,850000,pick-place-v3,1,0.38,,935.9764422802688,,331.94,57.73684210526316,1,50,50
basketball_pickplace,config_3,900000,900000,basketball-v3,0,0.0,,1078.299705739067,,500.0,,1,50,50
basketball_pickplace,config_3,900000,900000,pick-place-v3,1,0.38,,1009.1561881164704,,328.58,48.89473684210526,1,50,50
basketball_pickplace,config_3,950000,950000,basketball-v3,0,0.0,,1076.966491183878,,500.0,,1,50,50
basketball_pickplace,config_3,950000,950000,pick-place-v3,1,0.44,,831.1085620533643,,298.78,42.68181818181818,1,50,50
basketball_pickplace,config_3,1000000,1000000,basketball-v3,0,0.0,,1182.9597350710817,,500.0,,1,50,50
basketball_pickplace,config_3,1000000,1000000,pick-place-v3,1,0.5,,872.0945388464391,,273.74,47.48,1,50,50
basketball_pickplace,config_3,1050000,1050000,basketball-v3,0,0.0,,1182.4358721237663,,500.0,,1,50,50
basketball_pickplace,config_3,1050000,1050000,pick-place-v3,1,0.46,,1037.7701615822225,,288.0,39.130434782608695,1,50,50
basketball_pickplace,config_3,1100000,1100000,basketball-v3,0,0.0,,1143.460637677084,,500.0,,1,50,50
basketball_pickplace,config_3,1100000,1100000,pick-place-v3,1,0.52,,953.8633786322716,,262.56,43.38461538461539,1,50,50
basketball_pickplace,config_3,1150000,1150000,basketball-v3,0,0.0,,1242.0847611619606,,500.0,,1,50,50
basketball_pickplace,config_3,1150000,1150000,pick-place-v3,1,0.54,,873.1836053835505,,253.36,43.25925925925926,1,50,50
basketball_pickplace,config_3,1200000,1200000,basketball-v3,0,0.02,,1247.0272488581777,,498.06,403.0,1,50,50
basketball_pickplace,config_3,1200000,1200000,pick-place-v3,1,0.56,,929.987850049036,,243.28,41.57142857142857,1,50,50
basketball_pickplace,config_3,1250000,1250000,basketball-v3,0,0.0,,1197.9734564589394,,500.0,,1,50,50
basketball_pickplace,config_3,1250000,1250000,pick-place-v3,1,0.58,,910.8428275568398,,234.56,42.3448275862069,1,50,50
basketball_pickplace,config_3,1300000,1300000,basketball-v3,0,0.14,,1170.308566838628,,463.48,239.14285714285717,1,50,50
basketball_pickplace,config_3,1300000,1300000,pick-place-v3,1,0.6,,652.9873265614867,,225.2,42.0,1,50,50
basketball_pickplace,config_3,1350000,1350000,basketball-v3,0,0.12,,1280.7953024484289,,469.24,243.66666666666663,1,50,50
basketball_pickplace,config_3,1350000,1350000,pick-place-v3,1,0.68,,793.2102497342994,,188.58,42.02941176470589,1,50,50
basketball_pickplace,config_3,1400000,1400000,basketball-v3,0,0.0,,1417.8580144888726,,500.0,,1,50,50
basketball_pickplace,config_3,1400000,1400000,pick-place-v3,1,0.76,,644.957083256655,,152.84,43.21052631578947,1,50,50
basketball_pickplace,config_3,1450000,1450000,basketball-v3,0,0.12,,1156.3257278291908,,463.06,192.16666666666663,1,50,50
basketball_pickplace,config_3,1450000,1450000,pick-place-v3,1,0.84,,402.8526486947358,,116.44,43.38095238095238,1,50,50
basketball_pickplace,config_3,1500000,1500000,basketball-v3,0,0.16,,1094.1946618730312,,440.32,127.0,1,50,50
basketball_pickplace,config_3,1500000,1500000,pick-place-v3,1,1.0,,67.243223095932,,43.18,43.18,1,50,50
basketball_pickplace,config_3,1550000,1550000,basketball-v3,0,0.32,,1045.0980306353713,,396.92,177.875,1,50,50
basketball_pickplace,config_3,1550000,1550000,pick-place-v3,1,0.98,,59.943908739943225,,52.1,42.95918367346939,1,50,50
basketball_pickplace,config_3,1600000,1600000,basketball-v3,0,0.26,,851.9618370239446,,440.9,272.6923076923077,1,50,50
basketball_pickplace,config_3,1600000,1600000,pick-place-v3,1,0.98,,63.92021957652278,,52.56,43.42857142857143,1,50,50
basketball_pickplace,config_3,1650000,1650000,basketball-v3,0,0.5,,770.3352791512455,,314.98,129.96,1,50,50
basketball_pickplace,config_3,1650000,1650000,pick-place-v3,1,0.98,,66.37098052842921,,53.7,44.59183673469388,1,50,50
basketball_pickplace,config_3,1700000,1700000,basketball-v3,0,0.8,,445.6747121972684,,172.58,90.725,1,50,50
basketball_pickplace,config_3,1700000,1700000,pick-place-v3,1,0.9,,64.67881792150733,,91.84,46.48888888888889,1,50,50
basketball_pickplace,config_3,1750000,1750000,basketball-v3,0,0.64,,847.8008876459006,,276.02,150.03125,1,50,50
basketball_pickplace,config_3,1750000,1750000,pick-place-v3,1,0.94,,61.114200688410754,,72.72,45.4468085106383,1,50,50
basketball_pickplace,config_3,1800000,1800000,basketball-v3,0,0.54,,1359.1770584011258,,286.38,104.4074074074074,1,50,50
basketball_pickplace,config_3,1800000,1800000,pick-place-v3,1,0.98,,62.70412355891133,,68.84,60.04081632653061,1,50,50
basketball_pickplace,config_3,1850000,1850000,basketball-v3,0,0.92,,407.58077418048873,,114.12,80.56521739130434,1,50,50
basketball_pickplace,config_3,1850000,1850000,pick-place-v3,1,0.96,,71.62019220976765,,70.0,52.083333333333336,1,50,50
basketball_pickplace,config_3,1900000,1900000,basketball-v3,0,0.82,,534.291648064881,,147.44,70.04878048780488,1,50,50
basketball_pickplace,config_3,1900000,1900000,pick-place-v3,1,0.94,,72.76667533750013,,77.02,50.02127659574468,1,50,50
basketball_pickplace,config_3,1950000,1950000,basketball-v3,0,0.9,,185.14772338682164,,109.98,66.64444444444445,1,50,50
basketball_pickplace,config_3,1950000,1950000,pick-place-v3,1,1.0,,61.175245248819,,47.2,47.2,1,50,50
basketball_pickplace,config_3,2000000,2000000,basketball-v3,0,0.86,,179.9994446175594,,124.68,63.58139534883721,1,50,50
basketball_pickplace,config_3,2000000,2000000,pick-place-v3,1,0.98,,58.09239581508908,,56.34,47.285714285714285,1,50,50
basketball_pickplace,config_3,2050000,2050000,basketball-v3,0,0.84,,159.3127171097771,,137.52,68.47619047619048,1,50,50
basketball_pickplace,config_3,2050000,2050000,pick-place-v3,1,0.9,,47.48806016582396,,95.06,50.06666666666667,1,50,50
basketball_pickplace,config_3,2100000,2100000,basketball-v3,0,0.96,,136.42170617836152,,76.22,58.5625,1,50,50
basketball_pickplace,config_3,2100000,2100000,pick-place-v3,1,0.98,,64.40211493332598,,55.26,46.18367346938776,1,50,50
basketball_pickplace,config_3,2150000,2150000,basketball-v3,0,0.96,,137.51962313402603,,76.02,58.35416666666666,1,50,50
basketball_pickplace,config_3,2150000,2150000,pick-place-v3,1,1.0,,66.62600716522138,,46.64,46.64,1,50,50
basketball_pickplace,config_3,2200000,2200000,basketball-v3,0,0.98,,135.42287357531987,,66.3,57.44897959183673,1,50,50
basketball_pickplace,config_3,2200000,2200000,pick-place-v3,1,0.98,,63.49197313933725,,54.56,45.46938775510204,1,50,50
basketball_pickplace,config_3,2250000,2250000,basketball-v3,0,0.9,,125.71544037008952,,104.28,60.31111111111111,1,50,50
basketball_pickplace,config_3,2250000,2250000,pick-place-v3,1,0.98,,60.423282248927535,,54.38,45.285714285714285,1,50,50
basketball_pickplace,config_3,2300000,2300000,basketball-v3,0,1.0,,143.13901276696257,,62.28,62.28,1,50,50
basketball_pickplace,config_3,2300000,2300000,pick-place-v3,1,0.98,,64.35400051899269,,54.14,45.04081632653061,1,50,50
basketball_pickplace,config_3,2350000,2350000,basketball-v3,0,0.96,,136.2763851544582,,84.52,67.20833333333333,1,50,50
basketball_pickplace,config_3,2350000,2350000,pick-place-v3,1,1.0,,61.46734969851387,,42.56,42.56,1,50,50
basketball_pickplace,config_3,2400000,2400000,basketball-v3,0,0.96,,161.51110140404194,,78.42,60.85416666666666,1,50,50
basketball_pickplace,config_3,2400000,2400000,pick-place-v3,1,1.0,,57.64305647071232,,43.4,43.4,1,50,50
basketball_pickplace,config_3,2450000,2450000,basketball-v3,0,1.0,,141.43985981348823,,64.72,64.72,1,50,50
basketball_pickplace,config_3,2450000,2450000,pick-place-v3,1,0.98,,52.6541414080724,,52.52,43.38775510204081,1,50,50
basketball_pickplace,config_3,2500000,2500000,basketball-v3,0,0.98,,119.78805734153374,,67.12,58.285714285714285,1,50,50
basketball_pickplace,config_3,2500000,2500000,pick-place-v3,1,1.0,,57.63467043161929,,42.66,42.66,1,50,50
basketball_pickplace,config_3,2550000,2550000,basketball-v3,0,1.0,,151.32074147639074,,62.46,62.46,1,50,50
basketball_pickplace,config_3,2550000,2550000,pick-place-v3,1,0.96,,56.48427970047046,,60.62,42.3125,1,50,50
basketball_pickplace,config_3,2600000,2600000,basketball-v3,0,0.98,,129.24899331363957,,67.6,58.775510204081634,1,50,50
basketball_pickplace,config_3,2600000,2600000,pick-place-v3,1,0.98,,57.56699817017788,,53.22,44.10204081632653,1,50,50
basketball_pickplace,config_3,2650000,2650000,basketball-v3,0,0.98,,127.99007261848114,,67.14,58.30612244897959,1,50,50
basketball_pickplace,config_3,2650000,2650000,pick-place-v3,1,0.9,,49.734424427340585,,91.96,46.62222222222222,1,50,50
basketball_pickplace,config_3,2700000,2700000,basketball-v3,0,0.98,,152.26078952869804,,71.28,62.53061224489796,1,50,50
basketball_pickplace,config_3,2700000,2700000,pick-place-v3,1,0.88,,41.90905673960703,,107.2,53.63636363636363,1,50,50
basketball_pickplace,config_3,2750000,2750000,basketball-v3,0,0.98,,175.2890930854106,,74.4,65.71428571428571,1,50,50
basketball_pickplace,config_3,2750000,2750000,pick-place-v3,1,1.0,,55.33144851978438,,47.7,47.7,1,50,50
basketball_pickplace,config_3,2800000,2800000,basketball-v3,0,1.0,,150.36831675328006,,62.16,62.16,1,50,50
basketball_pickplace,config_3,2800000,2800000,pick-place-v3,1,0.96,,53.44966523169855,,62.22,43.97916666666666,1,50,50
basketball_pickplace,config_3,2850000,2850000,basketball-v3,0,0.98,,132.282998181176,,72.14,63.40816326530612,1,50,50
basketball_pickplace,config_3,2850000,2850000,pick-place-v3,1,0.94,,51.978382464665245,,71.66,44.319148936170215,1,50,50
basketball_pickplace,config_3,2900000,2900000,basketball-v3,0,0.96,,123.91962538232752,,75.74,58.0625,1,50,50
basketball_pickplace,config_3,2900000,2900000,pick-place-v3,1,0.98,,55.286727047752656,,55.26,46.18367346938776,1,50,50
basketball_pickplace,config_3,2950000,2950000,basketball-v3,0,0.96,,180.55011999994497,,85.0,67.70833333333333,1,50,50
basketball_pickplace,config_3,2950000,2950000,pick-place-v3,1,1.0,,55.820374945968624,,46.1,46.1,1,50,50
basketball_pickplace,config_3,3000000,3000000,basketball-v3,0,1.0,,199.1487204187574,,68.26,68.26,1,50,50
basketball_pickplace,config_3,3000000,3000000,pick-place-v3,1,1.0,,55.00538789306278,,50.72,50.72,1,50,50
basketball_pickplace,config_3,3050000,3050000,basketball-v3,0,0.98,,251.33761781824643,,83.98,75.48979591836735,1,50,50
basketball_pickplace,config_3,3050000,3050000,pick-place-v3,1,1.0,,51.635777209320416,,46.18,46.18,1,50,50
basketball_pickplace,config_3,3100000,3100000,basketball-v3,0,0.96,,216.2851824760629,,87.24,70.04166666666667,1,50,50
basketball_pickplace,config_3,3100000,3100000,pick-place-v3,1,0.88,,38.81447071526316,,112.04,59.13636363636363,1,50,50
basketball_pickplace,config_3,3150000,3150000,basketball-v3,0,0.9,,211.81857301500517,,116.96,74.4,1,50,50
basketball_pickplace,config_3,3150000,3150000,pick-place-v3,1,0.88,,39.030140748165415,,116.7,64.43181818181819,1,50,50
basketball_pickplace,config_3,3200000,3200000,basketball-v3,0,0.84,,170.19349879618906,,142.88,74.85714285714286,1,50,50
basketball_pickplace,config_3,3200000,3200000,pick-place-v3,1,0.94,,38.42495352830303,,89.32,63.1063829787234,1,50,50
basketball_pickplace,config_3,3250000,3250000,basketball-v3,0,0.98,,210.1863880234926,,78.28,69.6734693877551,1,50,50
basketball_pickplace,config_3,3250000,3250000,pick-place-v3,1,0.96,,42.99806041409565,,77.82,60.22916666666666,1,50,50
basketball_pickplace,config_3,3300000,3300000,basketball-v3,0,1.0,,221.88969821200084,,70.76,70.76,1,50,50
basketball_pickplace,config_3,3300000,3300000,pick-place-v3,1,0.82,,38.36080438572608,,135.78,55.829268292682926,1,50,50
basketball_pickplace,config_3,3350000,3350000,basketball-v3,0,0.94,,209.7333201033884,,101.36,75.91489361702128,1,50,50
basketball_pickplace,config_3,3350000,3350000,pick-place-v3,1,0.88,,38.261326955383566,,108.8,55.45454545454545,1,50,50
basketball_pickplace,config_3,3400000,3400000,basketball-v3,0,1.0,,204.92646299082836,,70.38,70.38,1,50,50
basketball_pickplace,config_3,3400000,3400000,pick-place-v3,1,0.98,,51.414348009901225,,57.56,48.53061224489796,1,50,50
basketball_pickplace,config_3,3450000,3450000,basketball-v3,0,0.98,,230.25835239925155,,87.0,78.57142857142857,1,50,50
basketball_pickplace,config_3,3450000,3450000,pick-place-v3,1,0.9,,47.62573231194549,,92.54,47.266666666666666,1,50,50
basketball_pickplace,config_3,3500000,3500000,basketball-v3,0,0.96,,178.80850220824414,,85.04,67.75,1,50,50
basketball_pickplace,config_3,3500000,3500000,pick-place-v3,1,1.0,,63.39918734664909,,46.02,46.02,1,50,50
basketball_pickplace,config_3,3550000,3550000,basketball-v3,0,0.92,,136.35787387116744,,95.1,59.891304347826086,1,50,50
basketball_pickplace,config_3,3550000,3550000,pick-place-v3,1,1.0,,60.46526634981722,,43.9,43.9,1,50,50
basketball_pickplace,config_3,3600000,3600000,basketball-v3,0,0.96,,134.56545366382056,,80.58,63.10416666666666,1,50,50
basketball_pickplace,config_3,3600000,3600000,pick-place-v3,1,1.0,,61.33864606994017,,43.94,43.94,1,50,50
basketball_pickplace,config_3,3650000,3650000,basketball-v3,0,0.96,,122.76141667541152,,78.6,61.04166666666666,1,50,50
basketball_pickplace,config_3,3650000,3650000,pick-place-v3,1,1.0,,58.15220210096676,,45.62,45.62,1,50,50
basketball_pickplace,config_3,3700000,3700000,basketball-v3,0,0.98,,135.46515847121526,,77.2,68.57142857142857,1,50,50
basketball_pickplace,config_3,3700000,3700000,pick-place-v3,1,1.0,,57.71790237487209,,46.84,46.84,1,50,50
basketball_pickplace,config_3,3750000,3750000,basketball-v3,0,0.94,,155.9963741737808,,100.34,74.82978723404256,1,50,50
basketball_pickplace,config_3,3750000,3750000,pick-place-v3,1,0.98,,56.21930938545577,,55.12,46.04081632653061,1,50,50
basketball_pickplace,config_3,3800000,3800000,basketball-v3,0,0.94,,225.9242469733754,,100.12,74.59574468085107,1,50,50
basketball_pickplace,config_3,3800000,3800000,pick-place-v3,1,1.0,,58.50115328295026,,48.06,48.06,1,50,50
basketball_pickplace,config_3,3850000,3850000,basketball-v3,0,0.96,,151.11247590775594,,78.14,60.5625,1,50,50
basketball_pickplace,config_3,3850000,3850000,pick-place-v3,1,1.0,,60.53941267909457,,46.32,46.32,1,50,50
basketball_pickplace,config_3,3900000,3900000,basketball-v3,0,0.9,,120.9349461588646,,106.14,62.37777777777778,1,50,50
basketball_pickplace,config_3,3900000,3900000,pick-place-v3,1,0.98,,55.36092616111276,,57.76,48.734693877551024,1,50,50
basketball_pickplace,config_3,3950000,3950000,basketball-v3,0,0.98,,148.5542859796862,,77.2,68.57142857142857,1,50,50
basketball_pickplace,config_3,3950000,3950000,pick-place-v3,1,1.0,,60.08263596582665,,49.08,49.08,1,50,50
basketball_pickplace,config_3,4000000,4000000,basketball-v3,0,0.96,,165.08077369369505,,83.68,66.33333333333333,1,50,50
basketball_pickplace,config_3,4000000,4000000,pick-place-v3,1,1.0,,53.84199593449487,,54.96,54.96,1,50,50
basketball_pickplace,config_3,4050000,4050000,basketball-v3,0,0.96,,167.56928213400147,,86.92,69.70833333333333,1,50,50
basketball_pickplace,config_3,4050000,4050000,pick-place-v3,1,1.0,,52.84153034324832,,48.36,48.36,1,50,50
basketball_pickplace,config_3,4100000,4100000,basketball-v3,0,0.96,,163.18499791008355,,86.12,68.875,1,50,50
basketball_pickplace,config_3,4100000,4100000,pick-place-v3,1,0.92,,55.26008326079256,,91.74,56.23913043478261,1,50,50
basketball_pickplace,config_3,4150000,4150000,basketball-v3,0,0.96,,158.3389939310738,,87.9,70.72916666666667,1,50,50
basketball_pickplace,config_3,4150000,4150000,pick-place-v3,1,0.98,,57.33984661464747,,61.88,52.93877551020408,1,50,50
basketball_pickplace,config_3,4200000,4200000,basketball-v3,0,0.92,,133.243446888511,,108.0,73.91304347826087,1,50,50
basketball_pickplace,config_3,4200000,4200000,pick-place-v3,1,1.0,,55.55249303348912,,52.26,52.26,1,50,50
basketball_pickplace,config_3,4250000,4250000,basketball-v3,0,0.86,,120.78013951538566,,131.04,70.97674418604652,1,50,50
basketball_pickplace,config_3,4250000,4250000,pick-place-v3,1,0.98,,55.89649950188184,,55.48,46.40816326530612,1,50,50
basketball_pickplace,config_3,4300000,4300000,basketball-v3,0,0.82,,153.32717151892865,,141.16,62.39024390243903,1,50,50
basketball_pickplace,config_3,4300000,4300000,pick-place-v3,1,1.0,,54.08435140144742,,46.12,46.12,1,50,50
basketball_pickplace,config_3,4350000,4350000,basketball-v3,0,0.9,,200.8931839220294,,114.44,71.6,1,50,50
basketball_pickplace,config_3,4350000,4350000,pick-place-v3,1,1.0,,55.75302177103365,,47.74,47.74,1,50,50
basketball_pickplace,config_3,4400000,4400000,basketball-v3,0,0.78,,92.07032925703136,,167.9,74.23076923076923,1,50,50
basketball_pickplace,config_3,4400000,4400000,pick-place-v3,1,0.98,,53.25124570480517,,52.22,43.08163265306123,1,50,50
basketball_pickplace,config_3,4450000,4450000,basketball-v3,0,0.98,,140.13441874943882,,74.44,65.75510204081633,1,50,50
basketball_pickplace,config_3,4450000,4450000,pick-place-v3,1,1.0,,51.66553268344465,,42.74,42.74,1,50,50
basketball_pickplace,config_3,4500000,4500000,basketball-v3,0,0.94,,120.61399482524116,,89.98,63.80851063829788,1,50,50
basketball_pickplace,config_3,4500000,4500000,pick-place-v3,1,1.0,,50.53155752457558,,46.54,46.54,1,50,50
basketball_pickplace,config_3,4550000,4550000,basketball-v3,0,0.94,,126.35339259124407,,89.4,63.191489361702125,1,50,50
basketball_pickplace,config_3,4550000,4550000,pick-place-v3,1,1.0,,55.59844706008415,,44.14,44.14,1,50,50
basketball_pickplace,config_3,4600000,4600000,basketball-v3,0,0.92,,122.0384360426947,,96.52,61.43478260869565,1,50,50
basketball_pickplace,config_3,4600000,4600000,pick-place-v3,1,0.96,,51.55215327943489,,61.66,43.395833333333336,1,50,50
basketball_pickplace,config_3,4650000,4650000,basketball-v3,0,0.9,,137.43047561049647,,109.3,65.88888888888889,1,50,50
basketball_pickplace,config_3,4650000,4650000,pick-place-v3,1,1.0,,51.93667905955354,,48.04,48.04,1,50,50
basketball_pickplace,config_3,4700000,4700000,basketball-v3,0,0.82,,126.59985501221406,,147.0,69.51219512195122,1,50,50
basketball_pickplace,config_3,4700000,4700000,pick-place-v3,1,0.94,,45.3367850638148,,75.82,48.74468085106383,1,50,50
basketball_pickplace,config_3,4750000,4750000,basketball-v3,0,0.76,,114.17764069463782,,168.0,63.1578947368421,1,50,50
basketball_pickplace,config_3,4750000,4750000,pick-place-v3,1,0.98,,52.97861080777983,,53.92,44.81632653061224,1,50,50
basketball_pickplace,config_3,4800000,4800000,basketball-v3,0,0.72,,121.10576661449257,,204.56,89.66666666666667,1,50,50
basketball_pickplace,config_3,4800000,4800000,pick-place-v3,1,0.98,,52.59553839810664,,59.88,50.89795918367347,1,50,50
basketball_pickplace,config_3,4850000,4850000,basketball-v3,0,0.6,,100.95515657215304,,242.18,70.3,1,50,50
basketball_pickplace,config_3,4850000,4850000,pick-place-v3,1,0.94,,48.59093875193568,,88.64,62.38297872340426,1,50,50
basketball_pickplace,config_3,4900000,4900000,basketball-v3,0,0.76,,116.61578562873429,,174.1,71.1842105263158,1,50,50
basketball_pickplace,config_3,4900000,4900000,pick-place-v3,1,0.92,,50.5583439125336,,99.6,64.78260869565217,1,50,50
basketball_pickplace,config_3,4950000,4950000,basketball-v3,0,0.74,,120.30646856770169,,186.76,76.70270270270271,1,50,50
basketball_pickplace,config_3,4950000,4950000,pick-place-v3,1,0.9,,50.47410170433727,,105.72,61.91111111111111,1,50,50
basketball_pickplace,config_3,5000000,5000000,basketball-v3,0,0.78,,140.1045966125178,,167.76,74.05128205128206,1,50,50
basketball_pickplace,config_3,5000000,5000000,pick-place-v3,1,0.94,,52.61760511207065,,93.94,68.02127659574468,1,50,50
basketball_pickplace,config_3,5000000,final,basketball-v3,0,0.68,,112.28889017183342,,206.04,67.70588235294117,1,50,50
basketball_pickplace,config_3,5000000,final,pick-place-v3,1,0.88,,51.98585998101417,,109.24,55.95454545454545,1,50,50
